<?xml version="1.0" encoding="UTF-8"?>
<deploy xmlns="http://www.apache.org/ode/schemas/dd/2007/03" xmlns:GrapePayment="http://www.example.org/GrapePayment/" xmlns:GrapeSuppTwo="http://www.example.org/GrapeSuppTwo/" xmlns:GrapeSupplyOne="http://www.example.org/GrapeSupplyOne/" xmlns:GrapeTransportation="http://www.example.org/GrapeTransportation/" xmlns:GrapeWarehouse="http://www.example.org/GrapeWarehouse/" xmlns:QualityCheck="http://www.example.org/QualityCheck/" xmlns:order.grape="http://order.grape/">
  <process name="order.grape:GrapeOrder">
    <active>true</active>
    <retired>false</retired>
    <process-events generate="all"/>
    <provide partnerLink="client">
      <service name="order.grape:GrapeOrderService" port="GrapeOrderPort"/>
    </provide>
    <invoke partnerLink="QualityPLN">
      <service name="QualityCheck:QualityCheck" port="QualityCheckSOAP"/>
    </invoke>
    <invoke partnerLink="WarehousePLN">
      <service name="GrapeWarehouse:GrapeWarehouse" port="GrapeWarehouseSOAP"/>
    </invoke>
    <invoke partnerLink="PayPLN">
      <service name="GrapePayment:GrapePayment" port="GrapePaymentSOAP"/>
    </invoke>
    <invoke partnerLink="TransPLN">
      <service name="GrapeTransportation:GrapeTransportation" port="GrapeTransportationSOAP"/>
    </invoke>
    <invoke partnerLink="Supp1PLN">
      <service name="GrapeSupplyOne:GrapeSupplyOne" port="GrapeSupplyOneSOAP"/>
    </invoke>
    <invoke partnerLink="Supp2PLN">
      <service name="GrapeSuppTwo:GrapeSuppTwo" port="GrapeSuppTwoSOAP"/>
    </invoke>
  </process>
</deploy>