<?xml version="1.0" encoding="UTF-8"?>
<deploy xmlns="http://www.apache.org/ode/schemas/dd/2007/03" xmlns:order.wine="http://order.wine/" xmlns:orderProcessing="http://www.example.org/orderProcessing/" xmlns:payments="http://www.example.org/payments/" xmlns:transportation="http://www.example.org/transportation/" xmlns:warehouse="http://www.example.org/warehouse/">
  <process name="order.wine:WineOrder">
    <active>true</active>
    <retired>false</retired>
    <process-events generate="all"/>
    <provide partnerLink="client">
      <service name="order.wine:WineOrderService" port="WineOrderPort"/>
    </provide>
    <invoke partnerLink="OrderProcessingPL">
      <service name="orderProcessing:orderProcessing" port="orderProcessingSOAP"/>
    </invoke>
    <invoke partnerLink="WareHouseLN">
      <service name="warehouse:warehouse" port="warehouseSOAP"/>
    </invoke>
    <invoke partnerLink="TransPLN">
      <service name="transportation:transportation" port="transportationSOAP"/>
    </invoke>
    <invoke partnerLink="PayPLN">
      <service name="payments:payments" port="paymentsSOAP"/>
    </invoke>
  </process>
</deploy>